src,dst
1,2
3,4
5,6
5,7
5,8
5,9
5,10
5,11
5,12
5,13
5,14
5,15
5,16
5,17
5,18
5,19
5,20
5,21
5,22
5,23
5,24
5,25
5,26
5,27
5,28
5,29
5,30
5,31
5,32
5,33
5,34
5,35
5,36
5,37
5,38
5,39
5,40
5,41
5,42
5,43
5,44
5,45
5,46
5,47
5,48
5,49
5,50
5,51
52,53
52,54
52,55
52,56
52,57
52,58
52,59
52,60
52,61
52,62
52,63
52,64
52,65
52,66
52,67
52,68
52,69
52,70
52,71
52,72
52,73
52,74
52,75
52,76
52,77
52,78
52,79
52,80
52,81
52,82
52,83
52,84
52,85
52,86
52,87
52,88
52,89
52,90
52,91
52,92
52,93
52,94
52,95
52,96
52,97
52,98
52,99
52,100
52,101
52,102
52,103
52,104
52,105
52,106
52,107
52,108
52,109
52,110
52,111
52,112
52,113
52,114
52,115
52,116
52,117
52,118
52,119
52,120
52,121
52,122
52,123
52,124
52,125
52,126
52,127
52,128
52,129
52,130
52,131
52,132
52,133
52,134
52,135
52,136
52,137
52,138
52,139
52,140
52,141
52,142
52,143
52,144
52,145
52,146
52,147
52,148
52,149
52,150
52,151
52,152
52,153
52,154
52,155
52,156
52,157
52,158
52,159
52,160
52,161
52,162
52,163
52,164
52,165
52,166
52,167
52,168
52,169
52,170
52,171
52,172
52,173
52,174
52,175
52,176
52,177
52,178
52,179
52,180
52,181
52,182
52,183
52,184
52,185
52,186
52,187
52,188
52,189
52,190
52,191
52,192
52,193
52,194
52,195
52,196
52,197
52,198
52,199
52,200
52,201
52,202
52,203
52,204
52,205
52,206
52,207
52,208
52,209
52,210
52,211
52,212
52,213
52,214
52,215
52,216
52,217
52,218
52,219
52,220
52,221
52,222
52,223
52,224
52,225
52,226
52,227
52,228
52,229
52,230
52,231
52,232
52,233
52,234
52,235
52,236
52,237
52,238
52,239
52,240
52,241
52,242
52,243
52,244
52,245
52,246
52,247
52,248
52,249
52,250
52,251
52,252
253,254
253,255
253,256
253,257
253,258
253,259
253,260
253,261
253,262
253,263
253,264
253,265
253,266
253,267
253,268
253,269
253,270
253,271
253,272
253,273
253,274
253,275
253,276
253,277
253,278
253,279
253,280
253,281
253,282
253,283
253,284
253,285
253,286
253,287
253,288
253,289
253,290
253,291
253,292
253,293
253,294
253,295
253,296
253,297
253,298
253,299
253,300
253,301
253,302
253,303
253,304
253,305
253,306
253,307
253,308
253,309
253,310
253,311
253,312
253,313
253,314
253,315
253,316
253,317
253,318
253,319
253,320
253,321
253,322
253,323
253,324
253,325
253,326
253,327
253,328
253,329
253,330
253,331
253,332
253,333
253,334
253,335
253,336
253,337
253,338
253,339
253,340
253,341
253,342
253,343
253,344
253,345
253,346
253,347
253,348
253,349
253,350
253,351
253,352
253,353
354,355
354,356
354,357
354,358
354,359
354,360
354,361
354,362
354,363
354,364
354,365
354,366
354,367
354,368
354,369
354,370
354,371
354,372
354,373
354,374
354,375
354,376
354,377
354,378
354,379
354,380
354,381
354,382
354,383
354,384
354,385
354,386
354,387
354,388
354,389
354,390
354,391
354,392
354,393
354,394
354,395
354,396
354,397
354,398
354,399
354,400
354,401
354,402
354,403
354,404
354,405
354,406
354,407
354,408
354,409
354,410
354,411
354,412
354,413
354,414
354,415
354,416
354,417
354,418
354,419
354,420
354,421
354,422
354,423
354,424
354,425
354,426
354,427
354,428
354,429
354,430
354,431
354,432
354,433
354,434
354,435
354,436
354,437
354,438
354,439
354,440
354,441
354,442
354,443
354,444
354,445
354,446
354,447
354,448
354,449
354,450
354,451
354,452
354,453
354,454
455,456
455,457
455,458
455,459
455,460
455,461
455,462
455,463
455,464
455,465
455,466
455,467
455,468
455,469
455,470
455,471
455,472
455,473
455,474
455,475
455,476
455,477
455,478
455,479
455,480
455,481
455,482
455,483
455,484
455,485
455,486
455,487
455,488
455,489
455,490
455,491
455,492
455,493
455,494
455,495
455,496
455,497
455,498
455,499
455,500
455,501
455,502
455,503
455,504
455,505
455,506
455,507
455,508
455,509
455,510
455,511
455,512
455,513
455,514
455,515
455,516
455,517
455,518
455,519
455,520
455,521
455,522
455,523
455,524
455,525
455,526
455,527
455,528
455,529
455,530
455,531
455,532
455,533
455,534
455,535
455,536
455,537
455,538
455,539
455,540
455,541
455,542
455,543
455,544
455,545
455,546
455,547
455,548
455,549
455,550
455,551
455,552
455,553
455,554
455,555
455,556
557,558
557,559
557,560
557,561
557,562
557,563
557,564
557,565
557,566
557,567
557,568
557,569
557,570
557,571
557,572
557,573
557,574
557,575
557,576
557,577
557,578
557,579
557,580
557,581
557,582
557,583
557,584
557,585
557,586
557,587
557,588
557,589
557,590
557,591
557,592
557,593
557,594
557,595
557,596
557,597
557,598
557,599
557,600
557,601
557,602
557,603
557,604
557,605
557,606
557,607
557,608
557,609
557,610
557,611
557,612
557,613
557,614
557,615
557,616
557,617
557,618
557,619
557,620
557,621
557,622
557,623
557,624
557,625
557,626
557,627
557,628
557,629
557,630
557,631
557,632
557,633
557,634
557,635
557,636
557,637
557,638
557,639
557,640
557,641
557,642
557,643
557,644
557,645
557,646
557,647
557,648
557,649
557,650
557,651
557,652
557,653
557,654
557,655
557,656
557,657
658,659
658,660
658,661
658,662
658,663
658,664
658,665
658,666
658,667
658,668
658,669
658,670
658,671
658,672
658,673
658,674
658,675
658,676
658,677
658,678
658,679
658,680
658,681
658,682
658,683
658,684
658,685
658,686
658,687
658,688
658,689
658,690
658,691
658,692
658,693
658,694
658,695
658,696
658,697
658,698
658,699
658,700
658,701
658,702
658,703
658,704
658,705
658,706
658,707
658,708
658,709
658,710
658,711
658,712
658,713
658,714
658,715
658,716
658,717
658,718
658,719
658,720
658,721
658,722
658,723
658,724
658,725
658,726
658,727
658,728
658,729
658,730
658,731
658,732
658,733
658,734
658,735
658,736
658,737
658,738
658,739
658,740
658,741
658,742
658,743
658,744
658,745
658,746
658,747
658,748
658,749
658,750
658,751
658,752
658,753
658,754
658,755
658,756
658,757
658,758
658,759
658,760
658,761
658,762
658,763
658,764
658,765
658,766
658,767
658,768
658,769
658,770
658,771
658,772
658,773
658,774
658,775
658,776
658,777
658,778
658,779
658,780
658,781
658,782
658,783
658,784
658,785
658,786
658,787
658,788
658,789
658,790
658,791
658,792
658,793
658,794
658,795
658,796
658,797
658,798
658,799
658,800
658,801
658,802
658,803
658,804
658,805
658,806
658,807
658,808
658,809
658,810
658,811
658,812
658,813
658,814
658,815
658,816
658,817
658,818
658,819
658,820
658,821
658,822
658,823
658,824
658,825
658,826
658,827
658,828
658,829
658,830
658,831
658,832
658,833
658,834
658,835
658,836
658,837
658,838
658,839
658,840
658,841
658,842
658,843
658,844
658,845
658,846
658,847
658,848
658,849
658,850
658,851
658,852
658,853
658,854
658,855
658,856
658,857
658,858
658,859
658,860
658,861
658,862
658,863
658,864
658,865
658,866
658,867
658,868
658,869
658,870
658,871
658,872
658,873
658,874
658,875
658,876
658,877
658,878
658,879
658,880
658,881
658,882
658,883
658,884
658,885
658,886
658,887
658,888
658,889
658,890
658,891
658,892
658,893
658,894
658,895
658,896
658,897
658,898
899,900
899,901
902,903
902,904
902,905
902,906
902,907
902,908
902,909
902,910
902,911
902,912
902,913
902,914
902,915
902,916
902,917
902,918
902,919
902,920
902,921
902,922
902,923
902,924
902,925
902,926
902,927
902,928
902,929
902,930
902,931
902,932
902,933
902,934
902,935
902,936
902,937
902,938
902,939
902,940
902,941
902,942
902,943
902,944
902,945
902,946
902,947
902,948
902,949
902,950
902,951
902,952
902,953
902,954
902,955
902,956
902,957
902,958
902,959
902,960
902,961
902,962
902,963
902,964
902,965
902,966
902,967
902,968
902,969
902,970
902,971
902,972
902,973
902,974
902,975
902,976
902,977
902,978
902,979
902,980
902,981
902,982
902,983
902,984
902,985
902,986
902,987
902,988
902,989
902,990
902,991
902,992
902,993
902,994
902,995
902,996
902,997
902,998
902,999
902,1000
